oligo_002561	NegativeControl	NegControl
oligo_002578	NegativeControl	NegControl
oligo_002601	NegativeControl	NegControl
oligo_002586	NegativeControl	NegControl
oligo_002542	NegativeControl	NegControl
oligo_002548	NegativeControl	NegControl
oligo_002503	NegativeControl	NegControl
oligo_002545	NegativeControl	NegControl
oligo_002552	NegativeControl	NegControl
oligo_002589:oligo_002590	NegativeControl	NegControl
oligo_002569	NegativeControl	NegControl
oligo_002583	NegativeControl	NegControl
oligo_002508	NegativeControl	NegControl
oligo_002546	NegativeControl	NegControl
oligo_002519	NegativeControl	NegControl
oligo_002576	NegativeControl	NegControl
oligo_002562	NegativeControl	NegControl
oligo_002514	NegativeControl	NegControl
oligo_002504	NegativeControl	NegControl
oligo_002593	NegativeControl	NegControl
oligo_002600	NegativeControl	NegControl
oligo_002535	NegativeControl	NegControl
oligo_002505	NegativeControl	NegControl
oligo_002558	NegativeControl	NegControl
oligo_002587	NegativeControl	NegControl
oligo_002526	NegativeControl	NegControl
oligo_002584	NegativeControl	NegControl
oligo_002564	NegativeControl	NegControl
oligo_002512	NegativeControl	NegControl
oligo_002596	NegativeControl	NegControl
oligo_002568	NegativeControl	NegControl
oligo_002536	NegativeControl	NegControl
oligo_002515	NegativeControl	NegControl
oligo_002554	NegativeControl	NegControl
oligo_002556	NegativeControl	NegControl
oligo_002597	NegativeControl	NegControl
oligo_002560	NegativeControl	NegControl
oligo_002538	NegativeControl	NegControl
oligo_002534	NegativeControl	NegControl
oligo_002529	NegativeControl	NegControl
oligo_002511	NegativeControl	NegControl
oligo_002570	NegativeControl	NegControl
oligo_002528	NegativeControl	NegControl
oligo_002557	NegativeControl	NegControl
oligo_002509	NegativeControl	NegControl
oligo_002525	NegativeControl	NegControl
oligo_002592	NegativeControl	NegControl
oligo_002544	NegativeControl	NegControl
oligo_002606	NegativeControl	NegControl
oligo_002551	NegativeControl	NegControl
oligo_002549	NegativeControl	NegControl
oligo_002500	NegativeControl	NegControl
oligo_002537	NegativeControl	NegControl
oligo_002531	NegativeControl	NegControl
oligo_002541	NegativeControl	NegControl
oligo_002580	NegativeControl	NegControl
oligo_002572	NegativeControl	NegControl
oligo_002521:oligo_002522	NegativeControl	NegControl
oligo_002599	NegativeControl	NegControl
oligo_002540	NegativeControl	NegControl
oligo_002553	NegativeControl	NegControl
oligo_002524	NegativeControl	NegControl
oligo_002530	NegativeControl	NegControl
oligo_002582	NegativeControl	NegControl
oligo_002513	NegativeControl	NegControl
oligo_002516	NegativeControl	NegControl
oligo_002501:oligo_002502	NegativeControl	NegControl
oligo_002588	NegativeControl	NegControl
oligo_002559	NegativeControl	NegControl
oligo_002585	NegativeControl	NegControl
oligo_002543	NegativeControl	NegControl
oligo_002506	NegativeControl	NegControl
oligo_002577	NegativeControl	NegControl
oligo_002573	NegativeControl	NegControl
oligo_002532	NegativeControl	NegControl
oligo_002565	NegativeControl	NegControl
oligo_002594	NegativeControl	NegControl
oligo_002571	NegativeControl	NegControl
oligo_002510	NegativeControl	NegControl
oligo_002523	NegativeControl	NegControl
oligo_002550	NegativeControl	NegControl
oligo_002520	NegativeControl	NegControl
oligo_002533	NegativeControl	NegControl
oligo_002579	NegativeControl	NegControl
oligo_002563	NegativeControl	NegControl
oligo_002575	NegativeControl	NegControl
oligo_002507	NegativeControl	NegControl
oligo_002603	NegativeControl	NegControl
oligo_002518	NegativeControl	NegControl
oligo_002517	NegativeControl	NegControl
oligo_002591	NegativeControl	NegControl
oligo_002566	NegativeControl	NegControl
oligo_002527	NegativeControl	NegControl
oligo_002602	NegativeControl	NegControl
oligo_002595	NegativeControl	NegControl
oligo_002605	NegativeControl	NegControl
oligo_002598	NegativeControl	NegControl
oligo_002581	NegativeControl	NegControl
oligo_002604	NegativeControl	NegControl
oligo_002547	NegativeControl	NegControl
oligo_002567	NegativeControl	NegControl
oligo_002574	NegativeControl	NegControl
oligo_002539	NegativeControl	NegControl
oligo_002555	NegativeControl	NegControl
oligo_005868	TestedOligo	Arensbergen
oligo_005870	TestedOligo	NA
oligo_005299	TestedOligo	Arensbergen
oligo_005300	TestedOligo	NA
oligo_006685	TestedOligo	Arensbergen
oligo_006687	TestedOligo	NA
oligo_006919	TestedOligo	Arensbergen
oligo_006920	TestedOligo	NA
oligo_006895	TestedOligo	Arensbergen
oligo_006897	TestedOligo	NA
oligo_006675	TestedOligo	Arensbergen
oligo_006677	TestedOligo	NA
oligo_006557	TestedOligo	Arensbergen
oligo_006559	TestedOligo	NA
oligo_006179	TestedOligo	Arensbergen
oligo_006181	TestedOligo	NA
oligo_006575	TestedOligo	Arensbergen
oligo_006576	TestedOligo	NA
oligo_006160	TestedOligo	Arensbergen
oligo_006162	TestedOligo	NA
oligo_006907	TestedOligo	Arensbergen
oligo_006908	TestedOligo	NA
oligo_006879	TestedOligo	Arensbergen
oligo_006881	TestedOligo	NA
oligo_005519	TestedOligo	Arensbergen
oligo_005520	TestedOligo	NA
oligo_006615	TestedOligo	Arensbergen
oligo_006617	TestedOligo	NA
oligo_005553	TestedOligo	Arensbergen
oligo_005554	TestedOligo	NA
oligo_005550	TestedOligo	Arensbergen
oligo_005552	TestedOligo	NA
oligo_006377	TestedOligo	Arensbergen
oligo_006378	TestedOligo	NA
oligo_006448	TestedOligo	Arensbergen
oligo_006450	TestedOligo	NA
oligo_006328	TestedOligo	Arensbergen
oligo_006330	TestedOligo	NA
oligo_005648	TestedOligo	Arensbergen
oligo_005650	TestedOligo	NA
oligo_006364	TestedOligo	Arensbergen
oligo_006366	TestedOligo	NA
oligo_005644	TestedOligo	Arensbergen
oligo_005646	TestedOligo	NA
oligo_005390	TestedOligo	Arensbergen
oligo_005392	TestedOligo	NA
oligo_005611	TestedOligo	Arensbergen
oligo_005612	TestedOligo	NA
oligo_005451	TestedOligo	Arensbergen
oligo_005452	TestedOligo	NA
oligo_005549	TestedOligo	Arensbergen
oligo_005551	TestedOligo	NA
oligo_006649	TestedOligo	Arensbergen
oligo_006651	TestedOligo	NA
oligo_005859	TestedOligo	Arensbergen
oligo_005861	TestedOligo	NA
oligo_006139	TestedOligo	Arensbergen
oligo_006140	TestedOligo	NA
oligo_006717	TestedOligo	Arensbergen
oligo_006719	TestedOligo	NA
oligo_005412	TestedOligo	Arensbergen
oligo_005414	TestedOligo	NA
oligo_006128	TestedOligo	Arensbergen
oligo_006130	TestedOligo	NA
oligo_005778	TestedOligo	Arensbergen
oligo_005780	TestedOligo	NA
oligo_006659	TestedOligo	Arensbergen
oligo_006661	TestedOligo	NA
oligo_006173	TestedOligo	Arensbergen
oligo_006175	TestedOligo	NA
oligo_006815	TestedOligo	Arensbergen
oligo_006817	TestedOligo	NA
oligo_005702	TestedOligo	Arensbergen
oligo_005704	TestedOligo	NA
oligo_006838	TestedOligo	Arensbergen
oligo_006840	TestedOligo	NA
oligo_006003	TestedOligo	Arensbergen
oligo_006005	TestedOligo	NA
oligo_006855	TestedOligo	Arensbergen
oligo_006857	TestedOligo	NA
oligo_005723	TestedOligo	Arensbergen
oligo_005725	TestedOligo	NA
oligo_005631	TestedOligo	Arensbergen
oligo_005632	TestedOligo	NA
oligo_006795	TestedOligo	Arensbergen
oligo_006797	TestedOligo	NA
oligo_006456	TestedOligo	Arensbergen
oligo_006458	TestedOligo	NA
oligo_005634	TestedOligo	Arensbergen
oligo_005636	TestedOligo	NA
oligo_005935	TestedOligo	Arensbergen
oligo_005936	TestedOligo	NA
oligo_005515	TestedOligo	Arensbergen
oligo_005517	TestedOligo	NA
oligo_006099	TestedOligo	Arensbergen
oligo_006100	TestedOligo	NA
oligo_006689	TestedOligo	Arensbergen
oligo_006691	TestedOligo	NA
oligo_005477	TestedOligo	Arensbergen
oligo_005479	TestedOligo	NA
oligo_005975	TestedOligo	Arensbergen
oligo_005977	TestedOligo	NA
oligo_005829	TestedOligo	Arensbergen
oligo_005831	TestedOligo	NA
oligo_005458	TestedOligo	Arensbergen
oligo_005460	TestedOligo	NA
oligo_006772	TestedOligo	Arensbergen
oligo_006774	TestedOligo	NA
oligo_006783	TestedOligo	Arensbergen
oligo_006784	TestedOligo	NA
oligo_006299	TestedOligo	Arensbergen
oligo_006301	TestedOligo	NA
oligo_006074	TestedOligo	Arensbergen
oligo_006076	TestedOligo	NA
oligo_006324	TestedOligo	Arensbergen
oligo_006326	TestedOligo	NA
oligo_006201	TestedOligo	Arensbergen
oligo_006203	TestedOligo	NA
oligo_006871	TestedOligo	Arensbergen
oligo_006873	TestedOligo	NA
oligo_006511	TestedOligo	Arensbergen
oligo_006513	TestedOligo	NA
oligo_006767	TestedOligo	Arensbergen
oligo_006769	TestedOligo	NA
oligo_006859	TestedOligo	Arensbergen
oligo_006861	TestedOligo	NA
oligo_006195	TestedOligo	Arensbergen
oligo_006197	TestedOligo	NA
oligo_006552	TestedOligo	Arensbergen
oligo_006554	TestedOligo	NA
oligo_006078	TestedOligo	Arensbergen
oligo_006080	TestedOligo	NA
oligo_006149	TestedOligo	Arensbergen
oligo_006151	TestedOligo	NA
oligo_006725	TestedOligo	Arensbergen
oligo_006727	TestedOligo	NA
oligo_006262	TestedOligo	Arensbergen
oligo_006264	TestedOligo	NA
oligo_006368	TestedOligo	Arensbergen
oligo_006370	TestedOligo	NA
oligo_006261	TestedOligo	Arensbergen
oligo_006263	TestedOligo	NA
oligo_006382	TestedOligo	Arensbergen
oligo_006384	TestedOligo	NA
oligo_005757	TestedOligo	Arensbergen
oligo_005758	TestedOligo	NA
oligo_005938	TestedOligo	Arensbergen
oligo_005940	TestedOligo	NA
oligo_005709	TestedOligo	Arensbergen
oligo_005711	TestedOligo	NA
oligo_006145	TestedOligo	Arensbergen
oligo_006147	TestedOligo	NA
oligo_005453	TestedOligo	Arensbergen
oligo_005455	TestedOligo	NA
oligo_005633	TestedOligo	Arensbergen
oligo_005635	TestedOligo	NA
oligo_006252	TestedOligo	Arensbergen
oligo_006254	TestedOligo	NA
oligo_005968	TestedOligo	Arensbergen
oligo_005970	TestedOligo	NA
oligo_006335	TestedOligo	Arensbergen
oligo_006337	TestedOligo	NA
oligo_005718	TestedOligo	Arensbergen
oligo_005720	TestedOligo	NA
oligo_005509	TestedOligo	Arensbergen
oligo_005511	TestedOligo	NA
oligo_006295	TestedOligo	Arensbergen
oligo_006297	TestedOligo	NA
oligo_006660	TestedOligo	Arensbergen
oligo_006662	TestedOligo	NA
oligo_006154	TestedOligo	Arensbergen
oligo_006156	TestedOligo	NA
oligo_006447	TestedOligo	Arensbergen
oligo_006449	TestedOligo	NA
oligo_006690	TestedOligo	Arensbergen
oligo_006692	TestedOligo	NA
oligo_006206	TestedOligo	Arensbergen
oligo_006208	TestedOligo	NA
oligo_006360	TestedOligo	Arensbergen
oligo_006362	TestedOligo	NA
oligo_006345	TestedOligo	Arensbergen
oligo_006346	TestedOligo	NA
oligo_006653	TestedOligo	Arensbergen
oligo_006654	TestedOligo	NA
oligo_006119	TestedOligo	Arensbergen
oligo_006121	TestedOligo	NA
oligo_006061	TestedOligo	Arensbergen
oligo_006063	TestedOligo	NA
oligo_006808	TestedOligo	Arensbergen
oligo_006810	TestedOligo	NA
oligo_006292	TestedOligo	Arensbergen
oligo_006294	TestedOligo	NA
oligo_006925	TestedOligo	Arensbergen
oligo_006926	TestedOligo	NA
oligo_006427	TestedOligo	Arensbergen
oligo_006429	TestedOligo	NA
oligo_005976	TestedOligo	Arensbergen
oligo_005978	TestedOligo	NA
oligo_006069	TestedOligo	Arensbergen
oligo_006071	TestedOligo	NA
oligo_005427	TestedOligo	Arensbergen
oligo_005429	TestedOligo	NA
oligo_005307	TestedOligo	Arensbergen
oligo_005308	TestedOligo	NA
oligo_005411	TestedOligo	Arensbergen
oligo_005413	TestedOligo	NA
oligo_005445	TestedOligo	Arensbergen
oligo_005446	TestedOligo	NA
oligo_006117	TestedOligo	Arensbergen
oligo_006118	TestedOligo	NA
oligo_005967	TestedOligo	Arensbergen
oligo_005969	TestedOligo	NA
oligo_006120	TestedOligo	Arensbergen
oligo_006122	TestedOligo	NA
oligo_006484	TestedOligo	Arensbergen
oligo_006486	TestedOligo	NA
oligo_006273	TestedOligo	Arensbergen
oligo_006275	TestedOligo	NA
oligo_005393	TestedOligo	Arensbergen
oligo_005394	TestedOligo	NA
oligo_005893	TestedOligo	Arensbergen
oligo_005895	TestedOligo	NA
oligo_005447	TestedOligo	Arensbergen
oligo_005449	TestedOligo	NA
oligo_006387	TestedOligo	Arensbergen
oligo_006389	TestedOligo	NA
oligo_006620	TestedOligo	Arensbergen
oligo_006622	TestedOligo	NA
oligo_006631	TestedOligo	Arensbergen
oligo_006633	TestedOligo	NA
oligo_006796	TestedOligo	Arensbergen
oligo_006798	TestedOligo	NA
oligo_005582	TestedOligo	Arensbergen
oligo_005584	TestedOligo	NA
oligo_006589	TestedOligo	Arensbergen
oligo_006590	TestedOligo	NA
oligo_006007	TestedOligo	Arensbergen
oligo_006008	TestedOligo	NA
oligo_005563	TestedOligo	Arensbergen
oligo_005565	TestedOligo	NA
oligo_005329	TestedOligo	Arensbergen
oligo_005331	TestedOligo	NA
oligo_006561	TestedOligo	Arensbergen
oligo_006562	TestedOligo	NA
oligo_005810	TestedOligo	Arensbergen
oligo_005812	TestedOligo	NA
oligo_006348	TestedOligo	Arensbergen
oligo_006350	TestedOligo	NA
oligo_006824	TestedOligo	Arensbergen
oligo_006826	TestedOligo	NA
oligo_006315	TestedOligo	Arensbergen
oligo_006317	TestedOligo	NA
oligo_006210	TestedOligo	Arensbergen
oligo_006212	TestedOligo	NA
oligo_006834	TestedOligo	Arensbergen
oligo_006836	TestedOligo	NA
oligo_005867	TestedOligo	Arensbergen
oligo_005869	TestedOligo	NA
oligo_005274	TestedOligo	Arensbergen
oligo_005276	TestedOligo	NA
oligo_005855	TestedOligo	Arensbergen
oligo_005857	TestedOligo	NA
oligo_006491	TestedOligo	Arensbergen
oligo_006493	TestedOligo	NA
oligo_006412	TestedOligo	Arensbergen
oligo_006414	TestedOligo	NA
oligo_005941	TestedOligo	Arensbergen
oligo_005943	TestedOligo	NA
oligo_006496	TestedOligo	Arensbergen
oligo_006498	TestedOligo	NA
oligo_005353	TestedOligo	Arensbergen
oligo_005355	TestedOligo	NA
oligo_005954	TestedOligo	Arensbergen
oligo_005956	TestedOligo	NA
oligo_005516	TestedOligo	Arensbergen
oligo_005518	TestedOligo	NA
oligo_005706	TestedOligo	Arensbergen
oligo_005708	TestedOligo	NA
oligo_005305	TestedOligo	Arensbergen
oligo_005306	TestedOligo	NA
oligo_006596	TestedOligo	Arensbergen
oligo_006598	TestedOligo	NA
oligo_005912	TestedOligo	Arensbergen
oligo_005914	TestedOligo	NA
oligo_005961	TestedOligo	Arensbergen
oligo_005962	TestedOligo	NA
oligo_006255	TestedOligo	Arensbergen
oligo_006257	TestedOligo	NA
oligo_005620	TestedOligo	Arensbergen
oligo_005622	TestedOligo	NA
oligo_006039	TestedOligo	Arensbergen
oligo_006041	TestedOligo	NA
oligo_006101	TestedOligo	Arensbergen
oligo_006103	TestedOligo	NA
oligo_005373	TestedOligo	Arensbergen
oligo_005374	TestedOligo	NA
oligo_006515	TestedOligo	Arensbergen
oligo_006517	TestedOligo	NA
oligo_005915	TestedOligo	Arensbergen
oligo_005916	TestedOligo	NA
oligo_005673	TestedOligo	Arensbergen
oligo_005674	TestedOligo	NA
oligo_006399	TestedOligo	Arensbergen
oligo_006401	TestedOligo	NA
oligo_006403	TestedOligo	Arensbergen
oligo_006405	TestedOligo	NA
oligo_006013	TestedOligo	Arensbergen
oligo_006015	TestedOligo	NA
oligo_005826	TestedOligo	Arensbergen
oligo_005828	TestedOligo	NA
oligo_006668	TestedOligo	Arensbergen
oligo_006670	TestedOligo	NA
oligo_005853	TestedOligo	Arensbergen
oligo_005854	TestedOligo	NA
oligo_005396	TestedOligo	Arensbergen
oligo_005398	TestedOligo	NA
oligo_006209	TestedOligo	Arensbergen
oligo_006211	TestedOligo	NA
oligo_006249	TestedOligo	Arensbergen
oligo_006250	TestedOligo	NA
oligo_005608	TestedOligo	Arensbergen
oligo_005610	TestedOligo	NA
oligo_006785	TestedOligo	Arensbergen
oligo_006786	TestedOligo	NA
oligo_006196	TestedOligo	Arensbergen
oligo_006198	TestedOligo	NA
oligo_006891	TestedOligo	Arensbergen
oligo_006893	TestedOligo	NA
oligo_005786	TestedOligo	Arensbergen
oligo_005788	TestedOligo	NA
oligo_005834	TestedOligo	Arensbergen
oligo_005836	TestedOligo	NA
oligo_006187	TestedOligo	Arensbergen
oligo_006189	TestedOligo	NA
oligo_005863	TestedOligo	Arensbergen
oligo_005865	TestedOligo	NA
oligo_006065	TestedOligo	Arensbergen
oligo_006067	TestedOligo	NA
oligo_006241	TestedOligo	Arensbergen
oligo_006243	TestedOligo	NA
oligo_006551	TestedOligo	Arensbergen
oligo_006553	TestedOligo	NA
oligo_005557	TestedOligo	Arensbergen
oligo_005559	TestedOligo	NA
oligo_005735	TestedOligo	Arensbergen
oligo_005737	TestedOligo	NA
oligo_006056	TestedOligo	Arensbergen
oligo_006058	TestedOligo	NA
oligo_006308	TestedOligo	Arensbergen
oligo_006310	TestedOligo	NA
oligo_006157	TestedOligo	Arensbergen
oligo_006158	TestedOligo	NA
oligo_005639	TestedOligo	Arensbergen
oligo_005641	TestedOligo	NA
oligo_006738	TestedOligo	Arensbergen
oligo_006740	TestedOligo	NA
oligo_005422	TestedOligo	Arensbergen
oligo_005424	TestedOligo	NA
oligo_005564	TestedOligo	Arensbergen
oligo_005566	TestedOligo	NA
oligo_006487	TestedOligo	Arensbergen
oligo_006489	TestedOligo	NA
oligo_006714	TestedOligo	Arensbergen
oligo_006716	TestedOligo	NA
oligo_005575	TestedOligo	Arensbergen
oligo_005576	TestedOligo	NA
oligo_006540	TestedOligo	Arensbergen
oligo_006542	TestedOligo	NA
oligo_006316	TestedOligo	Arensbergen
oligo_006318	TestedOligo	NA
oligo_006082	TestedOligo	Arensbergen
oligo_006084	TestedOligo	NA
oligo_006142	TestedOligo	Arensbergen
oligo_006144	TestedOligo	NA
oligo_006581	TestedOligo	Arensbergen
oligo_006583	TestedOligo	NA
oligo_006407	TestedOligo	Arensbergen
oligo_006409	TestedOligo	NA
oligo_005675	TestedOligo	Arensbergen
oligo_005676	TestedOligo	NA
oligo_006599	TestedOligo	Arensbergen
oligo_006601	TestedOligo	NA
oligo_005690	TestedOligo	Arensbergen
oligo_005692	TestedOligo	NA
oligo_006343	TestedOligo	Arensbergen
oligo_006344	TestedOligo	NA
oligo_005979	TestedOligo	Arensbergen
oligo_005981	TestedOligo	NA
oligo_006504	TestedOligo	Arensbergen
oligo_006506	TestedOligo	NA
oligo_006018	TestedOligo	Arensbergen
oligo_006020	TestedOligo	NA
oligo_005663	TestedOligo	Arensbergen
oligo_005665	TestedOligo	NA
oligo_006085	TestedOligo	Arensbergen
oligo_006087	TestedOligo	NA
oligo_005481	TestedOligo	Arensbergen
oligo_005482	TestedOligo	NA
oligo_006764	TestedOligo	Arensbergen
oligo_006766	TestedOligo	NA
oligo_006040	TestedOligo	Arensbergen
oligo_006042	TestedOligo	NA
oligo_005339	TestedOligo	Arensbergen
oligo_005341	TestedOligo	NA
oligo_005929	TestedOligo	Arensbergen
oligo_005930	TestedOligo	NA
oligo_006730	TestedOligo	Arensbergen
oligo_006732	TestedOligo	NA
oligo_006231	TestedOligo	Arensbergen
oligo_006232	TestedOligo	NA
oligo_005409	TestedOligo	Arensbergen
oligo_005410	TestedOligo	NA
oligo_005364	TestedOligo	Arensbergen
oligo_005366	TestedOligo	NA
oligo_005555	TestedOligo	Arensbergen
oligo_005556	TestedOligo	NA
oligo_006779	TestedOligo	Arensbergen
oligo_006781	TestedOligo	NA
oligo_006163	TestedOligo	Arensbergen
oligo_006164	TestedOligo	NA
oligo_006451	TestedOligo	Arensbergen
oligo_006453	TestedOligo	NA
oligo_005964	TestedOligo	Arensbergen
oligo_005966	TestedOligo	NA
oligo_005777	TestedOligo	Arensbergen
oligo_005779	TestedOligo	NA
oligo_006256	TestedOligo	Arensbergen
oligo_006258	TestedOligo	NA
oligo_006737	TestedOligo	Arensbergen
oligo_006739	TestedOligo	NA
oligo_006640	TestedOligo	Arensbergen
oligo_006642	TestedOligo	NA
oligo_006223	TestedOligo	Arensbergen
oligo_006225	TestedOligo	NA
oligo_006568	TestedOligo	Arensbergen
oligo_006570	TestedOligo	NA
oligo_005830	TestedOligo	Arensbergen
oligo_005832	TestedOligo	NA
oligo_005919	TestedOligo	Arensbergen
oligo_005921	TestedOligo	NA
oligo_005465	TestedOligo	Arensbergen
oligo_005467	TestedOligo	NA
oligo_006749	TestedOligo	Arensbergen
oligo_006751	TestedOligo	NA
oligo_005387	TestedOligo	Arensbergen
oligo_005388	TestedOligo	NA
oligo_006679	TestedOligo	Arensbergen
oligo_006681	TestedOligo	NA
oligo_006228	TestedOligo	Arensbergen
oligo_006230	TestedOligo	NA
oligo_006718	TestedOligo	Arensbergen
oligo_006720	TestedOligo	NA
oligo_006915	TestedOligo	Arensbergen
oligo_006916	TestedOligo	NA
oligo_006323	TestedOligo	Arensbergen
oligo_006325	TestedOligo	NA
oligo_006400	TestedOligo	Arensbergen
oligo_006402	TestedOligo	NA
oligo_005801	TestedOligo	Arensbergen
oligo_005803	TestedOligo	NA
oligo_005677	TestedOligo	Arensbergen
oligo_005679	TestedOligo	NA
oligo_006472	TestedOligo	Arensbergen
oligo_006474	TestedOligo	NA
oligo_005314	TestedOligo	Arensbergen
oligo_005316	TestedOligo	NA
oligo_005539	TestedOligo	Arensbergen
oligo_005541	TestedOligo	NA
oligo_005277	TestedOligo	Arensbergen
oligo_005278	TestedOligo	NA
oligo_006044	TestedOligo	Arensbergen
oligo_006046	TestedOligo	NA
oligo_005377	TestedOligo	Arensbergen
oligo_005378	TestedOligo	NA
oligo_005950	TestedOligo	Arensbergen
oligo_005952	TestedOligo	NA
oligo_006077	TestedOligo	Arensbergen
oligo_006079	TestedOligo	NA
oligo_005407	TestedOligo	Arensbergen
oligo_005408	TestedOligo	NA
oligo_005367	TestedOligo	Arensbergen
oligo_005368	TestedOligo	NA
oligo_006923	TestedOligo	Arensbergen
oligo_006924	TestedOligo	NA
oligo_005267	TestedOligo	Arensbergen
oligo_005268	TestedOligo	NA
oligo_006771	TestedOligo	Arensbergen
oligo_006773	TestedOligo	NA
oligo_005894	TestedOligo	Arensbergen
oligo_005896	TestedOligo	NA
oligo_006025	TestedOligo	Arensbergen
oligo_006026	TestedOligo	NA
oligo_005310	TestedOligo	Arensbergen
oligo_005312	TestedOligo	NA
oligo_006734	TestedOligo	Arensbergen
oligo_006736	TestedOligo	NA
oligo_006820	TestedOligo	Arensbergen
oligo_006822	TestedOligo	NA
oligo_005752	TestedOligo	Arensbergen
oligo_005754	TestedOligo	NA
oligo_005897	TestedOligo	Arensbergen
oligo_005899	TestedOligo	NA
oligo_006043	TestedOligo	Arensbergen
oligo_006045	TestedOligo	NA
oligo_006174	TestedOligo	Arensbergen
oligo_006176	TestedOligo	NA
oligo_005291	TestedOligo	Arensbergen
oligo_005292	TestedOligo	NA
oligo_006259	TestedOligo	Arensbergen
oligo_006260	TestedOligo	NA
oligo_005653	TestedOligo	Arensbergen
oligo_005654	TestedOligo	NA
oligo_006183	TestedOligo	Arensbergen
oligo_006185	TestedOligo	NA
oligo_006303	TestedOligo	Arensbergen
oligo_006305	TestedOligo	NA
oligo_005613	TestedOligo	Arensbergen
oligo_005614	TestedOligo	NA
oligo_006791	TestedOligo	Arensbergen
oligo_006793	TestedOligo	NA
oligo_005448	TestedOligo	Arensbergen
oligo_005450	TestedOligo	NA
oligo_005656	TestedOligo	Arensbergen
oligo_005658	TestedOligo	NA
oligo_006563	TestedOligo	Arensbergen
oligo_006565	TestedOligo	NA
oligo_006242	TestedOligo	Arensbergen
oligo_006244	TestedOligo	NA
oligo_006829	TestedOligo	Arensbergen
oligo_006831	TestedOligo	NA
oligo_005428	TestedOligo	Arensbergen
oligo_005430	TestedOligo	NA
oligo_005751	TestedOligo	Arensbergen
oligo_005753	TestedOligo	NA
oligo_006558	TestedOligo	Arensbergen
oligo_006560	TestedOligo	NA
oligo_006913	TestedOligo	Arensbergen
oligo_006914	TestedOligo	NA
oligo_005279	TestedOligo	Arensbergen
oligo_005280	TestedOligo	NA
oligo_005971	TestedOligo	Arensbergen
oligo_005972	TestedOligo	NA
oligo_005802	TestedOligo	Arensbergen
oligo_005804	TestedOligo	NA
oligo_006623	TestedOligo	Arensbergen
oligo_006625	TestedOligo	NA
oligo_005318	TestedOligo	Arensbergen
oligo_005320	TestedOligo	NA
oligo_005507	TestedOligo	Arensbergen
oligo_005508	TestedOligo	NA
oligo_006595	TestedOligo	Arensbergen
oligo_006597	TestedOligo	NA
oligo_005484	TestedOligo	Arensbergen
oligo_005486	TestedOligo	NA
oligo_005437	TestedOligo	Arensbergen
oligo_005438	TestedOligo	NA
oligo_005535	TestedOligo	Arensbergen
oligo_005537	TestedOligo	NA
oligo_005985	TestedOligo	Arensbergen
oligo_005987	TestedOligo	NA
oligo_005603	TestedOligo	Arensbergen
oligo_005605	TestedOligo	NA
oligo_005877	TestedOligo	Arensbergen
oligo_005879	TestedOligo	NA
oligo_006070	TestedOligo	Arensbergen
oligo_006072	TestedOligo	NA
oligo_005689	TestedOligo	Arensbergen
oligo_005691	TestedOligo	NA
oligo_006127	TestedOligo	Arensbergen
oligo_006129	TestedOligo	NA
oligo_006169	TestedOligo	Arensbergen
oligo_006171	TestedOligo	NA
oligo_005293	TestedOligo	Arensbergen
oligo_005295	TestedOligo	NA
oligo_005849	TestedOligo	Arensbergen
oligo_005851	TestedOligo	NA
oligo_005322	TestedOligo	Arensbergen
oligo_005324	TestedOligo	NA
oligo_005785	TestedOligo	Arensbergen
oligo_005787	TestedOligo	NA
oligo_006676	TestedOligo	Arensbergen
oligo_006678	TestedOligo	NA
oligo_005271	TestedOligo	Arensbergen
oligo_005272	TestedOligo	NA
oligo_006495	TestedOligo	Arensbergen
oligo_006497	TestedOligo	NA
oligo_005497	TestedOligo	Arensbergen
oligo_005499	TestedOligo	NA
oligo_005683	TestedOligo	Arensbergen
oligo_005684	TestedOligo	NA
oligo_006911	TestedOligo	Arensbergen
oligo_006912	TestedOligo	NA
oligo_005693	TestedOligo	Arensbergen
oligo_005695	TestedOligo	NA
oligo_005822	TestedOligo	Arensbergen
oligo_005824	TestedOligo	NA
oligo_005441	TestedOligo	Arensbergen
oligo_005443	TestedOligo	NA
oligo_006663	TestedOligo	Arensbergen
oligo_006665	TestedOligo	NA
oligo_006238	TestedOligo	Arensbergen
oligo_006240	TestedOligo	NA
oligo_006408	TestedOligo	Arensbergen
oligo_006410	TestedOligo	NA
oligo_005710	TestedOligo	Arensbergen
oligo_005712	TestedOligo	NA
oligo_005547	TestedOligo	Arensbergen
oligo_005548	TestedOligo	NA
oligo_005637	TestedOligo	Arensbergen
oligo_005638	TestedOligo	NA
oligo_005401	TestedOligo	Arensbergen
oligo_005402	TestedOligo	NA
oligo_006483	TestedOligo	Arensbergen
oligo_006485	TestedOligo	NA
oligo_005498	TestedOligo	Arensbergen
oligo_005500	TestedOligo	NA
oligo_006331	TestedOligo	Arensbergen
oligo_006333	TestedOligo	NA
oligo_006787	TestedOligo	Arensbergen
oligo_006789	TestedOligo	NA
oligo_005790	TestedOligo	Arensbergen
oligo_005792	TestedOligo	NA
oligo_006096	TestedOligo	Arensbergen
oligo_006098	TestedOligo	NA
oligo_006184	TestedOligo	Arensbergen
oligo_006186	TestedOligo	NA
oligo_006902	TestedOligo	Arensbergen
oligo_006904	TestedOligo	NA
oligo_006853	TestedOligo	Arensbergen
oligo_006854	TestedOligo	NA
oligo_006159	TestedOligo	Arensbergen
oligo_006161	TestedOligo	NA
oligo_006750	TestedOligo	Arensbergen
oligo_006752	TestedOligo	NA
oligo_006089	TestedOligo	Arensbergen
oligo_006090	TestedOligo	NA
oligo_005478	TestedOligo	Arensbergen
oligo_005480	TestedOligo	NA
oligo_006607	TestedOligo	Arensbergen
oligo_006609	TestedOligo	NA
oligo_005881	TestedOligo	Arensbergen
oligo_005882	TestedOligo	NA
oligo_005513	TestedOligo	Arensbergen
oligo_005514	TestedOligo	NA
oligo_006475	TestedOligo	Arensbergen
oligo_006477	TestedOligo	NA
oligo_005957	TestedOligo	Arensbergen
oligo_005959	TestedOligo	NA
oligo_006153	TestedOligo	Arensbergen
oligo_006155	TestedOligo	NA
oligo_005425	TestedOligo	Arensbergen
oligo_005426	TestedOligo	NA
oligo_006428	TestedOligo	Arensbergen
oligo_006430	TestedOligo	NA
oligo_006694	TestedOligo	Arensbergen
oligo_006696	TestedOligo	NA
oligo_006170	TestedOligo	Arensbergen
oligo_006172	TestedOligo	NA
oligo_005403	TestedOligo	Arensbergen
oligo_005404	TestedOligo	NA
oligo_006027	TestedOligo	Arensbergen
oligo_006029	TestedOligo	NA
oligo_006213	TestedOligo	Arensbergen
oligo_006215	TestedOligo	NA
oligo_006710	TestedOligo	Arensbergen
oligo_006712	TestedOligo	NA
oligo_006464	TestedOligo	Arensbergen
oligo_006466	TestedOligo	NA
oligo_006616	TestedOligo	Arensbergen
oligo_006618	TestedOligo	NA
oligo_005838	TestedOligo	Arensbergen
oligo_005840	TestedOligo	NA
oligo_005744	TestedOligo	Arensbergen
oligo_005746	TestedOligo	NA
oligo_006047	TestedOligo	Arensbergen
oligo_006049	TestedOligo	NA
oligo_005369	TestedOligo	Arensbergen
oligo_005370	TestedOligo	NA
oligo_005568	TestedOligo	Arensbergen
oligo_005570	TestedOligo	NA
oligo_006339	TestedOligo	Arensbergen
oligo_006341	TestedOligo	NA
oligo_005360	TestedOligo	Arensbergen
oligo_005362	TestedOligo	NA
oligo_006792	TestedOligo	Arensbergen
oligo_006794	TestedOligo	NA
oligo_005434	TestedOligo	Arensbergen
oligo_005436	TestedOligo	NA
oligo_006355	TestedOligo	Arensbergen
oligo_006357	TestedOligo	NA
oligo_006234	TestedOligo	Arensbergen
oligo_006236	TestedOligo	NA
oligo_006586	TestedOligo	Arensbergen
oligo_006588	TestedOligo	NA
oligo_006214	TestedOligo	Arensbergen
oligo_006216	TestedOligo	NA
oligo_006114	TestedOligo	Arensbergen
oligo_006116	TestedOligo	NA
oligo_006224	TestedOligo	Arensbergen
oligo_006226	TestedOligo	NA
oligo_006901	TestedOligo	Arensbergen
oligo_006903	TestedOligo	NA
oligo_006582	TestedOligo	Arensbergen
oligo_006584	TestedOligo	NA
oligo_005949	TestedOligo	Arensbergen
oligo_005951	TestedOligo	NA
oligo_005577	TestedOligo	Arensbergen
oligo_005579	TestedOligo	NA
oligo_005739	TestedOligo	Arensbergen
oligo_005740	TestedOligo	NA
oligo_006351	TestedOligo	Arensbergen
oligo_006353	TestedOligo	NA
oligo_006667	TestedOligo	Arensbergen
oligo_006669	TestedOligo	NA
oligo_006266	TestedOligo	Arensbergen
oligo_006268	TestedOligo	NA
oligo_006265	TestedOligo	Arensbergen
oligo_006267	TestedOligo	NA
oligo_005945	TestedOligo	Arensbergen
oligo_005947	TestedOligo	NA
oligo_006611	TestedOligo	Arensbergen
oligo_006613	TestedOligo	NA
oligo_006048	TestedOligo	Arensbergen
oligo_006050	TestedOligo	NA
oligo_006760	TestedOligo	Arensbergen
oligo_006762	TestedOligo	NA
oligo_006887	TestedOligo	Arensbergen
oligo_006889	TestedOligo	NA
oligo_006352	TestedOligo	Arensbergen
oligo_006354	TestedOligo	NA
oligo_006768	TestedOligo	Arensbergen
oligo_006770	TestedOligo	NA
oligo_006388	TestedOligo	Arensbergen
oligo_006390	TestedOligo	NA
oligo_005958	TestedOligo	Arensbergen
oligo_005960	TestedOligo	NA
oligo_005454	TestedOligo	Arensbergen
oligo_005456	TestedOligo	NA
oligo_005721	TestedOligo	Arensbergen
oligo_005722	TestedOligo	NA
oligo_006455	TestedOligo	Arensbergen
oligo_006457	TestedOligo	NA
oligo_005994	TestedOligo	Arensbergen
oligo_005996	TestedOligo	NA
oligo_006391	TestedOligo	Arensbergen
oligo_006393	TestedOligo	NA
oligo_005980	TestedOligo	Arensbergen
oligo_005982	TestedOligo	NA
oligo_006548	TestedOligo	Arensbergen
oligo_006550	TestedOligo	NA
oligo_005313	TestedOligo	Arensbergen
oligo_005315	TestedOligo	NA
oligo_005789	TestedOligo	Arensbergen
oligo_005791	TestedOligo	NA
oligo_005309	TestedOligo	Arensbergen
oligo_005311	TestedOligo	NA
oligo_005567	TestedOligo	Arensbergen
oligo_005569	TestedOligo	NA
oligo_006150	TestedOligo	Arensbergen
oligo_006152	TestedOligo	NA
oligo_006440	TestedOligo	Arensbergen
oligo_006442	TestedOligo	NA
oligo_006830	TestedOligo	Arensbergen
oligo_006832	TestedOligo	NA
oligo_006110	TestedOligo	Arensbergen
oligo_006112	TestedOligo	NA
oligo_006888	TestedOligo	Arensbergen
oligo_006890	TestedOligo	NA
oligo_005766	TestedOligo	Arensbergen
oligo_005768	TestedOligo	NA
oligo_005297	TestedOligo	Arensbergen
oligo_005298	TestedOligo	NA
oligo_006432	TestedOligo	Arensbergen
oligo_006434	TestedOligo	NA
oligo_005736	TestedOligo	Arensbergen
oligo_005738	TestedOligo	NA
oligo_005986	TestedOligo	Arensbergen
oligo_005988	TestedOligo	NA
oligo_006381	TestedOligo	Arensbergen
oligo_006383	TestedOligo	NA
oligo_005883	TestedOligo	Arensbergen
oligo_005885	TestedOligo	NA
oligo_005902	TestedOligo	Arensbergen
oligo_005904	TestedOligo	NA
oligo_005526	TestedOligo	Arensbergen
oligo_005528	TestedOligo	NA
oligo_005817	TestedOligo	Arensbergen
oligo_005819	TestedOligo	NA
oligo_006460	TestedOligo	Arensbergen
oligo_006462	TestedOligo	NA
oligo_006811	TestedOligo	Arensbergen
oligo_006813	TestedOligo	NA
oligo_005381	TestedOligo	Arensbergen
oligo_005382	TestedOligo	NA
oligo_006014	TestedOligo	Arensbergen
oligo_006016	TestedOligo	NA
oligo_005302	TestedOligo	Arensbergen
oligo_005304	TestedOligo	NA
oligo_005289	TestedOligo	Arensbergen
oligo_005290	TestedOligo	NA
oligo_005343	TestedOligo	Arensbergen
oligo_005344	TestedOligo	NA
oligo_006702	TestedOligo	Arensbergen
oligo_006704	TestedOligo	NA
oligo_006499	TestedOligo	Arensbergen
oligo_006501	TestedOligo	NA
oligo_005884	TestedOligo	Arensbergen
oligo_005886	TestedOligo	NA
oligo_005887	TestedOligo	Arensbergen
oligo_005888	TestedOligo	NA
oligo_006864	TestedOligo	Arensbergen
oligo_006866	TestedOligo	NA
oligo_005659	TestedOligo	Arensbergen
oligo_005661	TestedOligo	NA
oligo_006283	TestedOligo	Arensbergen
oligo_006285	TestedOligo	NA
oligo_006532	TestedOligo	Arensbergen
oligo_006534	TestedOligo	NA
oligo_005643	TestedOligo	Arensbergen
oligo_005645	TestedOligo	NA
oligo_005724	TestedOligo	Arensbergen
oligo_005726	TestedOligo	NA
oligo_005383	TestedOligo	Arensbergen
oligo_005384	TestedOligo	NA
oligo_005963	TestedOligo	Arensbergen
oligo_005965	TestedOligo	NA
oligo_006188	TestedOligo	Arensbergen
oligo_006190	TestedOligo	NA
oligo_006833	TestedOligo	Arensbergen
oligo_006835	TestedOligo	NA
oligo_006868	TestedOligo	Arensbergen
oligo_006870	TestedOligo	NA
oligo_005759	TestedOligo	Arensbergen
oligo_005761	TestedOligo	NA
oligo_006528	TestedOligo	Arensbergen
oligo_006530	TestedOligo	NA
oligo_005821	TestedOligo	Arensbergen
oligo_005823	TestedOligo	NA
oligo_006800	TestedOligo	Arensbergen
oligo_006802	TestedOligo	NA
oligo_006657	TestedOligo	Arensbergen
oligo_006658	TestedOligo	NA
oligo_006880	TestedOligo	Arensbergen
oligo_006882	TestedOligo	NA
oligo_005474	TestedOligo	Arensbergen
oligo_005476	TestedOligo	NA
oligo_005898	TestedOligo	Arensbergen
oligo_005900	TestedOligo	NA
oligo_005616	TestedOligo	Arensbergen
oligo_005618	TestedOligo	NA
oligo_006664	TestedOligo	Arensbergen
oligo_006666	TestedOligo	NA
oligo_005837	TestedOligo	Arensbergen
oligo_005839	TestedOligo	NA
oligo_005281	TestedOligo	Arensbergen
oligo_005283	TestedOligo	NA
oligo_005269	TestedOligo	Arensbergen
oligo_005270	TestedOligo	NA
oligo_006436	TestedOligo	Arensbergen
oligo_006438	TestedOligo	NA
oligo_006379	TestedOligo	Arensbergen
oligo_006380	TestedOligo	NA
oligo_005813	TestedOligo	Arensbergen
oligo_005815	TestedOligo	NA
oligo_006095	TestedOligo	Arensbergen
oligo_006097	TestedOligo	NA
oligo_006927	TestedOligo	Arensbergen
oligo_006928	TestedOligo	NA
oligo_005875	TestedOligo	Arensbergen
oligo_005876	TestedOligo	NA
oligo_006639	TestedOligo	Arensbergen
oligo_006641	TestedOligo	NA
oligo_006841	TestedOligo	Arensbergen
oligo_006843	TestedOligo	NA
oligo_006059	TestedOligo	Arensbergen
oligo_006060	TestedOligo	NA
oligo_006713	TestedOligo	Arensbergen
oligo_006715	TestedOligo	NA
oligo_005523	TestedOligo	Arensbergen
oligo_005524	TestedOligo	NA
oligo_006004	TestedOligo	Arensbergen
oligo_006006	TestedOligo	NA
oligo_006296	TestedOligo	Arensbergen
oligo_006298	TestedOligo	NA
oligo_006086	TestedOligo	Arensbergen
oligo_006088	TestedOligo	NA
oligo_005806	TestedOligo	Arensbergen
oligo_005808	TestedOligo	NA
oligo_006371	TestedOligo	Arensbergen
oligo_006372	TestedOligo	NA
oligo_006917	TestedOligo	Arensbergen
oligo_006918	TestedOligo	NA
oligo_006645	TestedOligo	Arensbergen
oligo_006647	TestedOligo	NA
oligo_006775	TestedOligo	Arensbergen
oligo_006777	TestedOligo	NA
oligo_006124	TestedOligo	Arensbergen
oligo_006126	TestedOligo	NA
oligo_006092	TestedOligo	Arensbergen
oligo_006094	TestedOligo	NA
oligo_005983	TestedOligo	Arensbergen
oligo_005984	TestedOligo	NA
oligo_006842	TestedOligo	Arensbergen
oligo_006844	TestedOligo	NA
oligo_005651	TestedOligo	Arensbergen
oligo_005652	TestedOligo	NA
oligo_005782	TestedOligo	Arensbergen
oligo_005784	TestedOligo	NA
oligo_005908	TestedOligo	Arensbergen
oligo_005910	TestedOligo	NA
oligo_005598	TestedOligo	Arensbergen
oligo_005600	TestedOligo	NA
oligo_005889	TestedOligo	Arensbergen
oligo_005891	TestedOligo	NA
oligo_005354	TestedOligo	Arensbergen
oligo_005356	TestedOligo	NA
oligo_005628	TestedOligo	Arensbergen
oligo_005630	TestedOligo	NA
oligo_005937	TestedOligo	Arensbergen
oligo_005939	TestedOligo	NA
oligo_006131	TestedOligo	Arensbergen
oligo_006132	TestedOligo	NA
oligo_006585	TestedOligo	Arensbergen
oligo_006587	TestedOligo	NA
oligo_006492	TestedOligo	Arensbergen
oligo_006494	TestedOligo	NA
oligo_006705	TestedOligo	Arensbergen
oligo_006707	TestedOligo	NA
oligo_006846	TestedOligo	Arensbergen
oligo_006848	TestedOligo	NA
oligo_006650	TestedOligo	Arensbergen
oligo_006652	TestedOligo	NA
oligo_005473	TestedOligo	Arensbergen
oligo_005475	TestedOligo	NA
oligo_006251	TestedOligo	Arensbergen
oligo_006253	TestedOligo	NA
oligo_006500:oligo_191293	TestedOligo	Arensbergen
oligo_006502	TestedOligo	NA
oligo_005572	TestedOligo	Arensbergen
oligo_005574	TestedOligo	NA
oligo_006105	TestedOligo	Arensbergen
oligo_006107	TestedOligo	NA
oligo_006776	TestedOligo	Arensbergen
oligo_006778	TestedOligo	NA
oligo_006863	TestedOligo	Arensbergen
oligo_006865	TestedOligo	NA
oligo_005809	TestedOligo	Arensbergen
oligo_005811	TestedOligo	NA
oligo_006807	TestedOligo	Arensbergen
oligo_006809	TestedOligo	NA
oligo_005285	TestedOligo	Arensbergen
oligo_005286	TestedOligo	NA
oligo_006420	TestedOligo	Arensbergen
oligo_006422	TestedOligo	NA
oligo_006921	TestedOligo	Arensbergen
oligo_006922	TestedOligo	NA
oligo_006319	TestedOligo	Arensbergen
oligo_006321	TestedOligo	NA
oligo_006905	TestedOligo	Arensbergen
oligo_006906	TestedOligo	NA
oligo_006508	TestedOligo	Arensbergen
oligo_006510	TestedOligo	NA
oligo_005379	TestedOligo	Arensbergen
oligo_005380	TestedOligo	NA
oligo_005587	TestedOligo	Arensbergen
oligo_005589	TestedOligo	NA
oligo_005920	TestedOligo	Arensbergen
oligo_005922	TestedOligo	NA
oligo_006592	TestedOligo	Arensbergen
oligo_006594	TestedOligo	NA
oligo_005890	TestedOligo	Arensbergen
oligo_005892	TestedOligo	NA
oligo_005340	TestedOligo	Arensbergen
oligo_005342	TestedOligo	NA
oligo_006336	TestedOligo	Arensbergen
oligo_006338	TestedOligo	NA
oligo_006655	TestedOligo	Arensbergen
oligo_006656	TestedOligo	NA
oligo_005797	TestedOligo	Arensbergen
oligo_005799	TestedOligo	NA
oligo_005989	TestedOligo	Arensbergen
oligo_005991	TestedOligo	NA
oligo_005333	TestedOligo	Arensbergen
oligo_005334	TestedOligo	NA
oligo_006527	TestedOligo	Arensbergen
oligo_006529	TestedOligo	NA
oligo_005487	TestedOligo	Arensbergen
oligo_005488	TestedOligo	NA
oligo_005878	TestedOligo	Arensbergen
oligo_005880	TestedOligo	NA
oligo_005901	TestedOligo	Arensbergen
oligo_005903	TestedOligo	NA
oligo_006850	TestedOligo	Arensbergen
oligo_006852	TestedOligo	NA
oligo_006288	TestedOligo	Arensbergen
oligo_006290	TestedOligo	NA
oligo_005493	TestedOligo	Arensbergen
oligo_005495	TestedOligo	NA
oligo_006467	TestedOligo	Arensbergen
oligo_006469	TestedOligo	NA
oligo_005798	TestedOligo	Arensbergen
oligo_005800	TestedOligo	NA
oligo_005349	TestedOligo	Arensbergen
oligo_005350	TestedOligo	NA
oligo_005561	TestedOligo	Arensbergen
oligo_005562	TestedOligo	NA
oligo_006327	TestedOligo	Arensbergen
oligo_006329	TestedOligo	NA
oligo_005701	TestedOligo	Arensbergen
oligo_005703	TestedOligo	NA
oligo_005793	TestedOligo	Arensbergen
oligo_005795	TestedOligo	NA
oligo_005856	TestedOligo	Arensbergen
oligo_005858	TestedOligo	NA
oligo_006608	TestedOligo	Arensbergen
oligo_006610	TestedOligo	NA
oligo_006269	TestedOligo	Arensbergen
oligo_006271	TestedOligo	NA
oligo_006547	TestedOligo	Arensbergen
oligo_006549	TestedOligo	NA
oligo_006091	TestedOligo	Arensbergen
oligo_006093	TestedOligo	NA
oligo_006444	TestedOligo	Arensbergen
oligo_006446	TestedOligo	NA
oligo_006578	TestedOligo	Arensbergen
oligo_006580	TestedOligo	NA
oligo_006411	TestedOligo	Arensbergen
oligo_006413	TestedOligo	NA
oligo_006503	TestedOligo	Arensbergen
oligo_006505	TestedOligo	NA
oligo_006415	TestedOligo	Arensbergen
oligo_006417	TestedOligo	NA
oligo_006479	TestedOligo	Arensbergen
oligo_006481	TestedOligo	NA
oligo_006340	TestedOligo	Arensbergen
oligo_006342	TestedOligo	NA
oligo_005421	TestedOligo	Arensbergen
oligo_005423	TestedOligo	NA
oligo_006404	TestedOligo	Arensbergen
oligo_006406	TestedOligo	NA
oligo_005942	TestedOligo	Arensbergen
oligo_005944	TestedOligo	NA
oligo_006742	TestedOligo	Arensbergen
oligo_006744	TestedOligo	NA
oligo_005841	TestedOligo	Arensbergen
oligo_005843	TestedOligo	NA
oligo_006816	TestedOligo	Arensbergen
oligo_006818	TestedOligo	NA
oligo_006628	TestedOligo	Arensbergen
oligo_006630	TestedOligo	NA
oligo_005431	TestedOligo	Arensbergen
oligo_005432	TestedOligo	NA
oligo_006701	TestedOligo	Arensbergen
oligo_006703	TestedOligo	NA
oligo_005544	TestedOligo	Arensbergen
oligo_005546	TestedOligo	NA
oligo_005336	TestedOligo	Arensbergen
oligo_005338	TestedOligo	NA
oligo_006270	TestedOligo	Arensbergen
oligo_006272	TestedOligo	NA
oligo_006396	TestedOligo	Arensbergen
oligo_006398	TestedOligo	NA
oligo_005640	TestedOligo	Arensbergen
oligo_005642	TestedOligo	NA
oligo_006803	TestedOligo	Arensbergen
oligo_006805	TestedOligo	NA
oligo_006709	TestedOligo	Arensbergen
oligo_006711	TestedOligo	NA
oligo_006600	TestedOligo	Arensbergen
oligo_006602	TestedOligo	NA
oligo_006274	TestedOligo	Arensbergen
oligo_006276	TestedOligo	NA
oligo_006233	TestedOligo	Arensbergen
oligo_006235	TestedOligo	NA
oligo_006287	TestedOligo	Arensbergen
oligo_006289	TestedOligo	NA
oligo_006347	TestedOligo	Arensbergen
oligo_006349	TestedOligo	NA
oligo_005694	TestedOligo	Arensbergen
oligo_005696	TestedOligo	NA
oligo_006166	TestedOligo	Arensbergen
oligo_006168	TestedOligo	NA
oligo_005585	TestedOligo	Arensbergen
oligo_005586	TestedOligo	NA
oligo_006683	TestedOligo	Arensbergen
oligo_006684	TestedOligo	NA
oligo_006066	TestedOligo	Arensbergen
oligo_006068	TestedOligo	NA
oligo_006395	TestedOligo	Arensbergen
oligo_006397	TestedOligo	NA
oligo_006729	TestedOligo	Arensbergen
oligo_006731	TestedOligo	NA
oligo_006373	TestedOligo	Arensbergen
oligo_006375	TestedOligo	NA
oligo_006443	TestedOligo	Arensbergen
oligo_006445	TestedOligo	NA
oligo_006031	TestedOligo	Arensbergen
oligo_006033	TestedOligo	NA
oligo_006721	TestedOligo	Arensbergen
oligo_006723	TestedOligo	NA
oligo_005345	TestedOligo	Arensbergen
oligo_005347	TestedOligo	NA
oligo_005623	TestedOligo	Arensbergen
oligo_005625	TestedOligo	NA
oligo_006423	TestedOligo	Arensbergen
oligo_006425	TestedOligo	NA
oligo_006536	TestedOligo	Arensbergen
oligo_006538	TestedOligo	NA
oligo_005330	TestedOligo	Arensbergen
oligo_005332	TestedOligo	NA
oligo_006480	TestedOligo	Arensbergen
oligo_006482	TestedOligo	NA
oligo_006180	TestedOligo	Arensbergen
oligo_006182	TestedOligo	NA
oligo_005357	TestedOligo	Arensbergen
oligo_005358	TestedOligo	NA
oligo_005765	TestedOligo	Arensbergen
oligo_005767	TestedOligo	NA
oligo_005932	TestedOligo	Arensbergen
oligo_005934	TestedOligo	NA
oligo_005371	TestedOligo	Arensbergen
oligo_005372	TestedOligo	NA
oligo_005627	TestedOligo	Arensbergen
oligo_005629	TestedOligo	NA
oligo_006459	TestedOligo	Arensbergen
oligo_006461	TestedOligo	NA
oligo_006052	TestedOligo	Arensbergen
oligo_006054	TestedOligo	NA
oligo_005593	TestedOligo	Arensbergen
oligo_005595	TestedOligo	NA
oligo_006468	TestedOligo	Arensbergen
oligo_006470	TestedOligo	NA
oligo_006804	TestedOligo	Arensbergen
oligo_006806	TestedOligo	NA
oligo_006017	TestedOligo	Arensbergen
oligo_006019	TestedOligo	NA
oligo_006113	TestedOligo	Arensbergen
oligo_006115	TestedOligo	NA
oligo_006281	TestedOligo	Arensbergen
oligo_006282	TestedOligo	NA
oligo_006202	TestedOligo	Arensbergen
oligo_006204	TestedOligo	NA
oligo_005860	TestedOligo	Arensbergen
oligo_005862	TestedOligo	NA
oligo_006246	TestedOligo	Arensbergen
oligo_006248	TestedOligo	NA
oligo_006488	TestedOligo	Arensbergen
oligo_006490	TestedOligo	NA
oligo_006051	TestedOligo	Arensbergen
oligo_006053	TestedOligo	NA
oligo_006635	TestedOligo	Arensbergen
oligo_006637	TestedOligo	NA
oligo_005326	TestedOligo	Arensbergen
oligo_005328	TestedOligo	NA
oligo_005664	TestedOligo	Arensbergen
oligo_005666	TestedOligo	NA
oligo_006671	TestedOligo	Arensbergen
oligo_006673	TestedOligo	NA
oligo_006227	TestedOligo	Arensbergen
oligo_006229	TestedOligo	NA
oligo_006604	TestedOligo	Arensbergen
oligo_006606	TestedOligo	NA
oligo_005946	TestedOligo	Arensbergen
oligo_005948	TestedOligo	NA
oligo_006567	TestedOligo	Arensbergen
oligo_006569	TestedOligo	NA
oligo_005698	TestedOligo	Arensbergen
oligo_005700	TestedOligo	NA
oligo_005462	TestedOligo	Arensbergen
oligo_005464	TestedOligo	NA
oligo_006312	TestedOligo	Arensbergen
oligo_006314	TestedOligo	NA
oligo_006757	TestedOligo	Arensbergen
oligo_006758	TestedOligo	NA
oligo_006872	TestedOligo	Arensbergen
oligo_006874	TestedOligo	NA
oligo_005846	TestedOligo	Arensbergen
oligo_005848	TestedOligo	NA
oligo_006680	TestedOligo	Arensbergen
oligo_006682	TestedOligo	NA
oligo_006516	TestedOligo	Arensbergen
oligo_006518	TestedOligo	NA
oligo_006431	TestedOligo	Arensbergen
oligo_006433	TestedOligo	NA
oligo_006385	TestedOligo	Arensbergen
oligo_006386	TestedOligo	NA
oligo_005543	TestedOligo	Arensbergen
oligo_005545	TestedOligo	NA
oligo_005601	TestedOligo	Arensbergen
oligo_005602	TestedOligo	NA
oligo_005503	TestedOligo	Arensbergen
oligo_005505	TestedOligo	NA
oligo_005466	TestedOligo	Arensbergen
oligo_005468	TestedOligo	NA
oligo_005489	TestedOligo	Arensbergen
oligo_005491	TestedOligo	NA
oligo_006146	TestedOligo	Arensbergen
oligo_006148	TestedOligo	NA
oligo_006876	TestedOligo	Arensbergen
oligo_006878	TestedOligo	NA
oligo_006205	TestedOligo	Arensbergen
oligo_006207	TestedOligo	NA
oligo_005470	TestedOligo	Arensbergen
oligo_005472	TestedOligo	NA
oligo_005760	TestedOligo	Arensbergen
oligo_005762	TestedOligo	NA
oligo_006523	TestedOligo	Arensbergen
oligo_006525	TestedOligo	NA
oligo_005399	TestedOligo	Arensbergen
oligo_005400	TestedOligo	NA
oligo_005405	TestedOligo	Arensbergen
oligo_005406	TestedOligo	NA
oligo_006217	TestedOligo	Arensbergen
oligo_006218	TestedOligo	NA
oligo_005619	TestedOligo	Arensbergen
oligo_005621	TestedOligo	NA
oligo_005531	TestedOligo	Arensbergen
oligo_005532	TestedOligo	NA
oligo_005647	TestedOligo	Arensbergen
oligo_005649	TestedOligo	NA
oligo_005990	TestedOligo	Arensbergen
oligo_005992	TestedOligo	NA
oligo_006646	TestedOligo	Arensbergen
oligo_006648	TestedOligo	NA
oligo_006001	TestedOligo	Arensbergen
oligo_006002	TestedOligo	NA
oligo_006123	TestedOligo	Arensbergen
oligo_006125	TestedOligo	NA
oligo_005510	TestedOligo	Arensbergen
oligo_005512	TestedOligo	NA
oligo_006909	TestedOligo	Arensbergen
oligo_006910	TestedOligo	NA
oligo_006632	TestedOligo	Arensbergen
oligo_006634	TestedOligo	NA
oligo_006363	TestedOligo	Arensbergen
oligo_006365	TestedOligo	NA
oligo_006875	TestedOligo	Arensbergen
oligo_006877	TestedOligo	NA
oligo_006439	TestedOligo	Arensbergen
oligo_006441	TestedOligo	NA
oligo_005529	TestedOligo	Arensbergen
oligo_005530	TestedOligo	NA
oligo_006219	TestedOligo	Arensbergen
oligo_006221	TestedOligo	NA
oligo_006812	TestedOligo	Arensbergen
oligo_006814	TestedOligo	NA
oligo_005907	TestedOligo	Arensbergen
oligo_005909	TestedOligo	NA
oligo_006512	TestedOligo	Arensbergen
oligo_006514	TestedOligo	NA
oligo_006543	TestedOligo	Arensbergen
oligo_006545	TestedOligo	NA
oligo_005607	TestedOligo	Arensbergen
oligo_005609	TestedOligo	NA
oligo_005905	TestedOligo	Arensbergen
oligo_005906	TestedOligo	NA
oligo_005504	TestedOligo	Arensbergen
oligo_005506	TestedOligo	NA
oligo_006577	TestedOligo	Arensbergen
oligo_006579	TestedOligo	NA
oligo_005359	TestedOligo	Arensbergen
oligo_005361	TestedOligo	NA
oligo_006572	TestedOligo	Arensbergen
oligo_006574	TestedOligo	NA
oligo_006367	TestedOligo	Arensbergen
oligo_006369	TestedOligo	NA
oligo_005686	TestedOligo	Arensbergen
oligo_005688	TestedOligo	NA
oligo_005375	TestedOligo	Arensbergen
oligo_005376	TestedOligo	NA
oligo_005773	TestedOligo	Arensbergen
oligo_005775	TestedOligo	NA
oligo_006899	TestedOligo	Arensbergen
oligo_006900	TestedOligo	NA
oligo_006754	TestedOligo	Arensbergen
oligo_006756	TestedOligo	NA
oligo_006032	TestedOligo	Arensbergen
oligo_006034	TestedOligo	NA
oligo_005924	TestedOligo	Arensbergen
oligo_005926	TestedOligo	NA
oligo_005794	TestedOligo	Arensbergen
oligo_005796	TestedOligo	NA
oligo_005668	TestedOligo	Arensbergen
oligo_005670	TestedOligo	NA
oligo_006745	TestedOligo	Arensbergen
oligo_006747	TestedOligo	NA
oligo_006564	TestedOligo	Arensbergen
oligo_006566	TestedOligo	NA
oligo_005433	TestedOligo	Arensbergen
oligo_005435	TestedOligo	NA
oligo_006519	TestedOligo	Arensbergen
oligo_006521	TestedOligo	NA
oligo_005490	TestedOligo	Arensbergen
oligo_005492	TestedOligo	NA
oligo_006109	TestedOligo	Arensbergen
oligo_006111	TestedOligo	NA
oligo_005818	TestedOligo	Arensbergen
oligo_005820	TestedOligo	NA
oligo_006693	TestedOligo	Arensbergen
oligo_006695	TestedOligo	NA
oligo_006134	TestedOligo	Arensbergen
oligo_006136	TestedOligo	NA
oligo_005727	TestedOligo	Arensbergen
oligo_005728	TestedOligo	NA
oligo_006392	TestedOligo	Arensbergen
oligo_006394	TestedOligo	NA
oligo_005927	TestedOligo	Arensbergen
oligo_005928	TestedOligo	NA
oligo_005953	TestedOligo	Arensbergen
oligo_005955	TestedOligo	NA
oligo_006102	TestedOligo	Arensbergen
oligo_006104	TestedOligo	NA
oligo_005604	TestedOligo	Arensbergen
oligo_005606	TestedOligo	NA
oligo_006073	TestedOligo	Arensbergen
oligo_006075	TestedOligo	NA
oligo_005533	TestedOligo	Arensbergen
oligo_005534	TestedOligo	NA
oligo_006452	TestedOligo	Arensbergen
oligo_006454	TestedOligo	NA
oligo_005741	TestedOligo	Arensbergen
oligo_005742	TestedOligo	NA
oligo_006643	TestedOligo	Arensbergen
oligo_006644	TestedOligo	NA
oligo_006892	TestedOligo	Arensbergen
oligo_006894	TestedOligo	NA
oligo_006686	TestedOligo	Arensbergen
oligo_006688	TestedOligo	NA
oligo_006311	TestedOligo	Arensbergen
oligo_006313	TestedOligo	NA
oligo_005705	TestedOligo	Arensbergen
oligo_005707	TestedOligo	NA
oligo_006827	TestedOligo	Arensbergen
oligo_006828	TestedOligo	NA
oligo_006672	TestedOligo	Arensbergen
oligo_006674	TestedOligo	NA
oligo_005850	TestedOligo	Arensbergen
oligo_005852	TestedOligo	NA
oligo_005540	TestedOligo	Arensbergen
oligo_005542	TestedOligo	NA
oligo_006544	TestedOligo	Arensbergen
oligo_006546	TestedOligo	NA
oligo_006780	TestedOligo	Arensbergen
oligo_006782	TestedOligo	NA
oligo_005998	TestedOligo	Arensbergen
oligo_006000	TestedOligo	NA
oligo_006726	TestedOligo	Arensbergen
oligo_006728	TestedOligo	NA
oligo_005325	TestedOligo	Arensbergen
oligo_005327	TestedOligo	NA
oligo_005335	TestedOligo	Arensbergen
oligo_005337	TestedOligo	NA
oligo_005805	TestedOligo	Arensbergen
oligo_005807	TestedOligo	NA
oligo_006435	TestedOligo	Arensbergen
oligo_006437	TestedOligo	NA
oligo_005730	TestedOligo	Arensbergen
oligo_005732	TestedOligo	NA
oligo_005273	TestedOligo	Arensbergen
oligo_005275	TestedOligo	NA
oligo_006137	TestedOligo	Arensbergen
oligo_006138	TestedOligo	NA
oligo_006192	TestedOligo	Arensbergen
oligo_006194	TestedOligo	NA
oligo_006535	TestedOligo	Arensbergen
oligo_006537	TestedOligo	NA
oligo_005351	TestedOligo	Arensbergen
oligo_005352	TestedOligo	NA
oligo_006106	TestedOligo	Arensbergen
oligo_006108	TestedOligo	NA
oligo_006883	TestedOligo	Arensbergen
oligo_006885	TestedOligo	NA
oligo_006507	TestedOligo	Arensbergen
oligo_006509	TestedOligo	NA
oligo_006627	TestedOligo	Arensbergen
oligo_006629	TestedOligo	NA
oligo_006619	TestedOligo	Arensbergen
oligo_006621	TestedOligo	NA
oligo_005594	TestedOligo	Arensbergen
oligo_005596	TestedOligo	NA
oligo_006035	TestedOligo	Arensbergen
oligo_006037	TestedOligo	NA
oligo_005842	TestedOligo	Arensbergen
oligo_005844	TestedOligo	NA
oligo_006849	TestedOligo	Arensbergen
oligo_006851	TestedOligo	NA
oligo_005770	TestedOligo	Arensbergen
oligo_005772	TestedOligo	NA
oligo_005931	TestedOligo	Arensbergen
oligo_005933	TestedOligo	NA
oligo_006591	TestedOligo	Arensbergen
oligo_006593	TestedOligo	NA
oligo_006471	TestedOligo	Arensbergen
oligo_006473	TestedOligo	NA
oligo_006759	TestedOligo	Arensbergen
oligo_006761	TestedOligo	NA
oligo_006722	TestedOligo	Arensbergen
oligo_006724	TestedOligo	NA
oligo_005588	TestedOligo	Arensbergen
oligo_005590	TestedOligo	NA
oligo_005615	TestedOligo	Arensbergen
oligo_005617	TestedOligo	NA
oligo_005769	TestedOligo	Arensbergen
oligo_005771	TestedOligo	NA
oligo_006062	TestedOligo	Arensbergen
oligo_006064	TestedOligo	NA
oligo_005717	TestedOligo	Arensbergen
oligo_005719	TestedOligo	NA
oligo_006476	TestedOligo	Arensbergen
oligo_006478	TestedOligo	NA
oligo_005442	TestedOligo	Arensbergen
oligo_005444	TestedOligo	NA
oligo_005997	TestedOligo	Arensbergen
oligo_005999	TestedOligo	NA
oligo_006571	TestedOligo	Arensbergen
oligo_006573	TestedOligo	NA
oligo_006199	TestedOligo	Arensbergen
oligo_006200	TestedOligo	NA
oligo_006860	TestedOligo	Arensbergen
oligo_006862	TestedOligo	NA
oligo_006856	TestedOligo	Arensbergen
oligo_006858	TestedOligo	NA
oligo_006823	TestedOligo	Arensbergen
oligo_006825	TestedOligo	NA
oligo_005418	TestedOligo	Arensbergen
oligo_005420	TestedOligo	NA
oligo_006278	TestedOligo	Arensbergen
oligo_006280	TestedOligo	NA
oligo_006419	TestedOligo	Arensbergen
oligo_006421	TestedOligo	NA
oligo_006896	TestedOligo	Arensbergen
oligo_006898	TestedOligo	NA
oligo_005558	TestedOligo	Arensbergen
oligo_005560	TestedOligo	NA
oligo_006624	TestedOligo	Arensbergen
oligo_006626	TestedOligo	NA
oligo_005774	TestedOligo	Arensbergen
oligo_005776	TestedOligo	NA
oligo_005439	TestedOligo	Arensbergen
oligo_005440	TestedOligo	NA
oligo_005321	TestedOligo	Arensbergen
oligo_005323	TestedOligo	NA
oligo_006141	TestedOligo	Arensbergen
oligo_006143	TestedOligo	NA
oligo_005660	TestedOligo	Arensbergen
oligo_005662	TestedOligo	NA
oligo_005346	TestedOligo	Arensbergen
oligo_005348	TestedOligo	NA
oligo_006763	TestedOligo	Arensbergen
oligo_006765	TestedOligo	NA
oligo_006539	TestedOligo	Arensbergen
oligo_006541	TestedOligo	NA
oligo_005755	TestedOligo	Arensbergen
oligo_005756	TestedOligo	NA
oligo_006307	TestedOligo	Arensbergen
oligo_006309	TestedOligo	NA
oligo_006021	TestedOligo	Arensbergen
oligo_006023	TestedOligo	NA
oligo_005417	TestedOligo	Arensbergen
oligo_005419	TestedOligo	NA
oligo_006733	TestedOligo	Arensbergen
oligo_006735	TestedOligo	NA
oligo_006867	TestedOligo	Arensbergen
oligo_006869	TestedOligo	NA
oligo_006697	TestedOligo	Arensbergen
oligo_006699	TestedOligo	NA
oligo_005294	TestedOligo	Arensbergen
oligo_005296	TestedOligo	NA
oligo_005282	TestedOligo	Arensbergen
oligo_005284	TestedOligo	NA
oligo_006416	TestedOligo	Arensbergen
oligo_006418	TestedOligo	NA
oligo_005973	TestedOligo	Arensbergen
oligo_005974	TestedOligo	NA
oligo_005871	TestedOligo	Arensbergen
oligo_005872	TestedOligo	NA
oligo_006277	TestedOligo	Arensbergen
oligo_006279	TestedOligo	NA
oligo_006055	TestedOligo	Arensbergen
oligo_006057	TestedOligo	NA
oligo_006520	TestedOligo	Arensbergen
oligo_006522	TestedOligo	NA
oligo_006332	TestedOligo	Arensbergen
oligo_006334	TestedOligo	NA
oligo_005678	TestedOligo	Arensbergen
oligo_005680	TestedOligo	NA
oligo_005597	TestedOligo	Arensbergen
oligo_005599	TestedOligo	NA
oligo_006022	TestedOligo	Arensbergen
oligo_006024	TestedOligo	NA
oligo_006819	TestedOligo	Arensbergen
oligo_006821	TestedOligo	NA
oligo_006555	TestedOligo	Arensbergen
oligo_006556	TestedOligo	NA
oligo_005714	TestedOligo	Arensbergen
oligo_005716	TestedOligo	NA
oligo_006788	TestedOligo	Arensbergen
oligo_006790	TestedOligo	NA
oligo_006165	TestedOligo	Arensbergen
oligo_006167	TestedOligo	NA
oligo_006359	TestedOligo	Arensbergen
oligo_006361	TestedOligo	NA
oligo_005685	TestedOligo	Arensbergen
oligo_005687	TestedOligo	NA
oligo_006245	TestedOligo	Arensbergen
oligo_006247	TestedOligo	NA
oligo_006300	TestedOligo	Arensbergen
oligo_006302	TestedOligo	NA
oligo_006603	TestedOligo	Arensbergen
oligo_006605	TestedOligo	NA
oligo_006010	TestedOligo	Arensbergen
oligo_006012	TestedOligo	NA
oligo_005469	TestedOligo	Arensbergen
oligo_005471	TestedOligo	NA
oligo_006036	TestedOligo	Arensbergen
oligo_006038	TestedOligo	NA
oligo_005917	TestedOligo	Arensbergen
oligo_005918	TestedOligo	NA
oligo_005747	TestedOligo	Arensbergen
oligo_005749	TestedOligo	NA
oligo_005729	TestedOligo	Arensbergen
oligo_005731	TestedOligo	NA
oligo_005536	TestedOligo	Arensbergen
oligo_005538	TestedOligo	NA
oligo_006636	TestedOligo	Arensbergen
oligo_006638	TestedOligo	NA
oligo_005681	TestedOligo	Arensbergen
oligo_005682	TestedOligo	NA
oligo_006291	TestedOligo	Arensbergen
oligo_006293	TestedOligo	NA
oligo_005781	TestedOligo	Arensbergen
oligo_005783	TestedOligo	NA
oligo_006706	TestedOligo	Arensbergen
oligo_006708	TestedOligo	NA
oligo_005415	TestedOligo	Arensbergen
oligo_005416	TestedOligo	NA
oligo_005825	TestedOligo	Arensbergen
oligo_005827	TestedOligo	NA
oligo_005571	TestedOligo	Arensbergen
oligo_005573	TestedOligo	NA
oligo_006133	TestedOligo	Arensbergen
oligo_006135	TestedOligo	NA
oligo_005911	TestedOligo	Arensbergen
oligo_005913	TestedOligo	NA
oligo_006191	TestedOligo	Arensbergen
oligo_006193	TestedOligo	NA
oligo_005301	TestedOligo	Arensbergen
oligo_005303	TestedOligo	NA
oligo_005501	TestedOligo	Arensbergen
oligo_005502	TestedOligo	NA
oligo_006237	TestedOligo	Arensbergen
oligo_006239	TestedOligo	NA
oligo_005525	TestedOligo	Arensbergen
oligo_005527	TestedOligo	NA
oligo_005317	TestedOligo	Arensbergen
oligo_005319	TestedOligo	NA
oligo_006320	TestedOligo	Arensbergen
oligo_006322	TestedOligo	NA
oligo_006356	TestedOligo	Arensbergen
oligo_006358	TestedOligo	NA
oligo_005713	TestedOligo	Arensbergen
oligo_005715	TestedOligo	NA
oligo_005748	TestedOligo	Arensbergen
oligo_005750	TestedOligo	NA
oligo_005578	TestedOligo	Arensbergen
oligo_005580	TestedOligo	NA
oligo_006698	TestedOligo	Arensbergen
oligo_006700	TestedOligo	NA
oligo_006009	TestedOligo	Arensbergen
oligo_006011	TestedOligo	NA
oligo_005389	TestedOligo	Arensbergen
oligo_005391	TestedOligo	NA
oligo_005864	TestedOligo	Arensbergen
oligo_005866	TestedOligo	NA
oligo_005993	TestedOligo	Arensbergen
oligo_005995	TestedOligo	NA
oligo_006753	TestedOligo	Arensbergen
oligo_006755	TestedOligo	NA
oligo_005461	TestedOligo	Arensbergen
oligo_005463	TestedOligo	NA
oligo_005483	TestedOligo	Arensbergen
oligo_005485	TestedOligo	NA
oligo_006177	TestedOligo	Arensbergen
oligo_006178	TestedOligo	NA
oligo_006304	TestedOligo	Arensbergen
oligo_006306	TestedOligo	NA
oligo_005733	TestedOligo	Arensbergen
oligo_005734	TestedOligo	NA
oligo_005591	TestedOligo	Arensbergen
oligo_005592	TestedOligo	NA
oligo_005743	TestedOligo	Arensbergen
oligo_005745	TestedOligo	NA
oligo_006284	TestedOligo	Arensbergen
oligo_006286	TestedOligo	NA
oligo_005873	TestedOligo	Arensbergen
oligo_005874	TestedOligo	NA
oligo_006424	TestedOligo	Arensbergen
oligo_006426	TestedOligo	NA
oligo_005521	TestedOligo	Arensbergen
oligo_005522	TestedOligo	NA
oligo_006524	TestedOligo	Arensbergen
oligo_006526	TestedOligo	NA
oligo_006741	TestedOligo	Arensbergen
oligo_006743	TestedOligo	NA
oligo_005395	TestedOligo	Arensbergen
oligo_005397	TestedOligo	NA
oligo_006746	TestedOligo	Arensbergen
oligo_006748	TestedOligo	NA
oligo_006463	TestedOligo	Arensbergen
oligo_006465	TestedOligo	NA
oligo_005667	TestedOligo	Arensbergen
oligo_005669	TestedOligo	NA
oligo_005385	TestedOligo	Arensbergen
oligo_005386	TestedOligo	NA
oligo_006374	TestedOligo	Arensbergen
oligo_006376	TestedOligo	NA
oligo_005833	TestedOligo	Arensbergen
oligo_005835	TestedOligo	NA
oligo_006028	TestedOligo	Arensbergen
oligo_006030	TestedOligo	NA
oligo_005697	TestedOligo	Arensbergen
oligo_005699	TestedOligo	NA
oligo_005494	TestedOligo	Arensbergen
oligo_005496	TestedOligo	NA
oligo_005457	TestedOligo	Arensbergen
oligo_005459	TestedOligo	NA
oligo_006845	TestedOligo	Arensbergen
oligo_006847	TestedOligo	NA
oligo_006837	TestedOligo	Arensbergen
oligo_006839	TestedOligo	NA
oligo_005923	TestedOligo	Arensbergen
oligo_005925	TestedOligo	NA
oligo_005363	TestedOligo	Arensbergen
oligo_005365	TestedOligo	NA
oligo_005845	TestedOligo	Arensbergen
oligo_005847	TestedOligo	NA
oligo_006081	TestedOligo	Arensbergen
oligo_006083	TestedOligo	NA
oligo_005265	TestedOligo	Arensbergen
oligo_005266	TestedOligo	NA
oligo_006884	TestedOligo	Arensbergen
oligo_006886	TestedOligo	NA
oligo_005655	TestedOligo	Arensbergen
oligo_005657	TestedOligo	NA
oligo_005581	TestedOligo	Arensbergen
oligo_005583	TestedOligo	NA
oligo_005814	TestedOligo	Arensbergen
oligo_005816	TestedOligo	NA
oligo_006220	TestedOligo	Arensbergen
oligo_006222	TestedOligo	NA
oligo_005287	TestedOligo	Arensbergen
oligo_005288	TestedOligo	NA
oligo_005624	TestedOligo	Arensbergen
oligo_005626	TestedOligo	NA
oligo_006531	TestedOligo	Arensbergen
oligo_006533	TestedOligo	NA
oligo_006799	TestedOligo	Arensbergen
oligo_006801	TestedOligo	NA
oligo_005671	TestedOligo	Arensbergen
oligo_005672	TestedOligo	NA
oligo_005763	TestedOligo	Arensbergen
oligo_005764	TestedOligo	NA
oligo_006612	TestedOligo	Arensbergen
oligo_006614	TestedOligo	NA
oligo_051664	TestedOligo	Global
oligo_051665	TestedOligo	NA
oligo_142740	TestedOligo	HepG2
oligo_142741	TestedOligo	NA
oligo_020252	TestedOligo	NA
oligo_020253	TestedOligo	NA
oligo_161791	TestedOligo	Global
oligo_161792	TestedOligo	NA
oligo_134150	TestedOligo	Global
oligo_134151	TestedOligo	NA
oligo_180019	TestedOligo	NA
oligo_180020	TestedOligo	NA
oligo_009427	TestedOligo	NA
oligo_009428	TestedOligo	NA
oligo_082786	TestedOligo	Global
oligo_082787	TestedOligo	NA
oligo_113042	TestedOligo	Global
oligo_113043	TestedOligo	NA
oligo_132870	TestedOligo	NA
oligo_132871	TestedOligo	NA
oligo_157371	TestedOligo	HepG2
oligo_157372	TestedOligo	NA
oligo_202478	TestedOligo	NA
oligo_202479	TestedOligo	NA
oligo_156448	TestedOligo	Global
oligo_156450	TestedOligo	NA
oligo_170424	TestedOligo	Global
oligo_170426	TestedOligo	NA
oligo_189277	TestedOligo	NA
oligo_189278	TestedOligo	NA
oligo_042365	TestedOligo	Global
oligo_042366	TestedOligo	NA
oligo_186965	TestedOligo	NA
oligo_186966	TestedOligo	NA
oligo_100736	TestedOligo	HepG2
oligo_100737:oligo_100739	TestedOligo	NA
oligo_184093	TestedOligo	Global
oligo_184094	TestedOligo	NA
oligo_022938	TestedOligo	Global
oligo_022939	TestedOligo	NA
oligo_212875	TestedOligo	HepG2
oligo_212876	TestedOligo	NA
oligo_141304	TestedOligo	NA
oligo_141305	TestedOligo	NA
oligo_169466	TestedOligo	NA
oligo_169467	TestedOligo	NA
oligo_117199	TestedOligo	NA
oligo_117200	TestedOligo	NA
oligo_087115	TestedOligo	HepG2
oligo_087116	TestedOligo	NA
oligo_110499	TestedOligo	Global
oligo_110500	TestedOligo	NA
oligo_211865	TestedOligo	NA
oligo_211866	TestedOligo	NA
oligo_117471	TestedOligo	Global
oligo_117474	TestedOligo	NA
oligo_023533	TestedOligo	Global
oligo_023534	TestedOligo	NA
oligo_208354	TestedOligo	NA
oligo_208355	TestedOligo	NA
oligo_161342	TestedOligo	NA
oligo_161343	TestedOligo	NA
oligo_093449	TestedOligo	NA
oligo_093450	TestedOligo	NA
oligo_206139	TestedOligo	HepG2
oligo_206140	TestedOligo	NA
oligo_126495	TestedOligo	NA
oligo_126496	TestedOligo	NA
oligo_194293	TestedOligo	Global
oligo_194295	TestedOligo	NA
oligo_205894	TestedOligo	NA
oligo_205895	TestedOligo	NA
oligo_134560	TestedOligo	NA
oligo_134561	TestedOligo	NA
oligo_140857	TestedOligo	NA
oligo_140858	TestedOligo	NA
oligo_172807	TestedOligo	Global
oligo_172808	TestedOligo	NA
oligo_014306	TestedOligo	NA
oligo_014307	TestedOligo	NA
oligo_180222	TestedOligo	NA
oligo_180223	TestedOligo	NA
oligo_174748	TestedOligo	NA
oligo_174749	TestedOligo	NA
oligo_049886	TestedOligo	NA
oligo_049887	TestedOligo	NA
oligo_054505	TestedOligo	Global
oligo_054506	TestedOligo	NA
oligo_041530	TestedOligo	HepG2
oligo_041531	TestedOligo	NA
oligo_141162	TestedOligo	HepG2
oligo_141163	TestedOligo	NA
oligo_036057	TestedOligo	Global
oligo_036058:oligo_036059	TestedOligo	NA
oligo_024769	TestedOligo	HepG2
oligo_024770	TestedOligo	NA
oligo_207065	TestedOligo	NA
oligo_207066	TestedOligo	NA
oligo_189766	TestedOligo	NA
oligo_189767	TestedOligo	NA
oligo_114459	TestedOligo	HepG2
oligo_114460	TestedOligo	NA
oligo_074749	TestedOligo	Global
oligo_074750	TestedOligo	NA
oligo_101810	TestedOligo	HepG2
oligo_101812	TestedOligo	NA
oligo_061410	TestedOligo	Global
oligo_061411	TestedOligo	NA
oligo_174218	TestedOligo	Global
oligo_174219	TestedOligo	NA
oligo_161720	TestedOligo	NA
oligo_161721	TestedOligo	NA
oligo_199954	TestedOligo	Global
oligo_199955	TestedOligo	NA
oligo_063871	TestedOligo	NA
oligo_063873	TestedOligo	NA
oligo_199463	TestedOligo	HepG2
oligo_199464	TestedOligo	NA
oligo_012289	TestedOligo	Global
oligo_012290	TestedOligo	NA
oligo_085438	TestedOligo	NA
oligo_085439	TestedOligo	NA
oligo_051892	TestedOligo	Global
oligo_051894	TestedOligo	NA
oligo_158318	TestedOligo	HepG2
oligo_158319	TestedOligo	NA
oligo_122326	TestedOligo	NA
oligo_122327	TestedOligo	NA
oligo_055245	TestedOligo	Global
oligo_055246	TestedOligo	NA
oligo_008261	TestedOligo	HepG2
oligo_008262	TestedOligo	NA
oligo_082128	TestedOligo	NA
oligo_082129	TestedOligo	NA
oligo_042998	TestedOligo	NA
oligo_042999	TestedOligo	NA
oligo_209107	TestedOligo	HepG2
oligo_209108:oligo_209109	TestedOligo	NA
oligo_203851	TestedOligo	HepG2
oligo_203852:oligo_203858	TestedOligo	NA
oligo_144071	TestedOligo	NA
oligo_144072	TestedOligo	NA
oligo_060162	TestedOligo	Global
oligo_060163	TestedOligo	NA
oligo_052604	TestedOligo	NA
oligo_052605	TestedOligo	NA
oligo_093115	TestedOligo	NA
oligo_093116:oligo_093117	TestedOligo	NA
oligo_103019	TestedOligo	Global
oligo_103020	TestedOligo	NA
oligo_145435	TestedOligo	Global
oligo_145436	TestedOligo	NA
oligo_122065	TestedOligo	NA
oligo_122066	TestedOligo	NA
oligo_135431	TestedOligo	HepG2
oligo_135432	TestedOligo	NA
oligo_043690	TestedOligo	Global
oligo_043691	TestedOligo	NA
oligo_066840	TestedOligo	NA
oligo_066841	TestedOligo	NA
oligo_128994	TestedOligo	Global
oligo_128995	TestedOligo	NA
oligo_168747	TestedOligo	Global
oligo_168748	TestedOligo	NA
oligo_098739	TestedOligo	NA
oligo_098740	TestedOligo	NA
oligo_170876	TestedOligo	HepG2
oligo_170877	TestedOligo	NA
oligo_164055	TestedOligo	HepG2
oligo_164056	TestedOligo	NA
oligo_092622	TestedOligo	HepG2
oligo_092623	TestedOligo	NA
oligo_113757	TestedOligo	NA
oligo_113758	TestedOligo	NA
oligo_164573	TestedOligo	NA
oligo_164574	TestedOligo	NA
oligo_076389	TestedOligo	Global
oligo_076390	TestedOligo	NA
oligo_096563	TestedOligo	NA
oligo_096564	TestedOligo	NA
oligo_079566	TestedOligo	Global
oligo_079567	TestedOligo	NA
oligo_143918	TestedOligo	NA
oligo_143919	TestedOligo	NA
oligo_127759	TestedOligo	NA
oligo_127760	TestedOligo	NA
oligo_142294	TestedOligo	Global
oligo_142295	TestedOligo	NA
oligo_120562	TestedOligo	NA
oligo_120563	TestedOligo	NA
oligo_085566	TestedOligo	Global
oligo_085567	TestedOligo	NA
oligo_141362	TestedOligo	NA
oligo_141363:oligo_141364	TestedOligo	NA
oligo_157268	TestedOligo	Global
oligo_157269:oligo_157277	TestedOligo	NA
oligo_036452	TestedOligo	Global
oligo_036454	TestedOligo	NA
oligo_109768	TestedOligo	HepG2
oligo_109769	TestedOligo	NA
oligo_040920	TestedOligo	NA
oligo_040921	TestedOligo	NA
oligo_178212	TestedOligo	HepG2
oligo_178213	TestedOligo	NA
oligo_180958	TestedOligo	NA
oligo_180959	TestedOligo	NA
oligo_197621	TestedOligo	NA
oligo_197622	TestedOligo	NA
oligo_132101	TestedOligo	NA
oligo_132102	TestedOligo	NA
oligo_130359	TestedOligo	NA
oligo_130360	TestedOligo	NA
oligo_157731	TestedOligo	Global
oligo_157732	TestedOligo	NA
oligo_022307	TestedOligo	NA
oligo_022309	TestedOligo	NA
oligo_065843	TestedOligo	NA
oligo_065844	TestedOligo	NA
oligo_102356	TestedOligo	Global
oligo_102357	TestedOligo	NA
oligo_133365	TestedOligo	HepG2
oligo_133366	TestedOligo	NA
oligo_067470	TestedOligo	Global
oligo_067471	TestedOligo	NA
oligo_147143	TestedOligo	NA
oligo_147144	TestedOligo	NA
oligo_097567	TestedOligo	Global
oligo_097568	TestedOligo	NA
oligo_029455	TestedOligo	NA
oligo_029456	TestedOligo	NA
oligo_076186	TestedOligo	NA
oligo_076187	TestedOligo	NA
oligo_101966	TestedOligo	HepG2
oligo_101967	TestedOligo	NA
oligo_034266	TestedOligo	HepG2
oligo_034267	TestedOligo	NA
oligo_018125	TestedOligo	NA
oligo_018126	TestedOligo	NA
oligo_131210	TestedOligo	NA
oligo_131211	TestedOligo	NA
oligo_165297	TestedOligo	HepG2
oligo_165298	TestedOligo	NA
oligo_097294	TestedOligo	HepG2
oligo_097295	TestedOligo	NA
oligo_210398	TestedOligo	HepG2
oligo_210399	TestedOligo	NA
oligo_211080	TestedOligo	HepG2
oligo_211081	TestedOligo	NA
oligo_174699	TestedOligo	NA
oligo_174700	TestedOligo	NA
oligo_082326	TestedOligo	Global
oligo_082327:oligo_082328	TestedOligo	NA
oligo_071789	TestedOligo	NA
oligo_071790	TestedOligo	NA
oligo_082483	TestedOligo	NA
oligo_082484	TestedOligo	NA
oligo_144932	TestedOligo	HepG2
oligo_144933	TestedOligo	NA
oligo_087199	TestedOligo	NA
oligo_087200	TestedOligo	NA
oligo_066887	TestedOligo	Global
oligo_066888	TestedOligo	NA
oligo_011898	TestedOligo	HepG2
oligo_011899	TestedOligo	NA
oligo_107321	TestedOligo	HepG2
oligo_107322	TestedOligo	NA
oligo_115602	TestedOligo	HepG2
oligo_115603	TestedOligo	NA
oligo_088589	TestedOligo	HepG2
oligo_088590	TestedOligo	NA
oligo_033591	TestedOligo	Global
oligo_033592	TestedOligo	NA
oligo_148647	TestedOligo	NA
oligo_148648	TestedOligo	NA
oligo_174287	TestedOligo	Global
oligo_174288	TestedOligo	NA
oligo_104515	TestedOligo	HepG2
oligo_104516	TestedOligo	NA
oligo_056333	TestedOligo	HepG2
oligo_056334:oligo_056340	TestedOligo	NA
oligo_012195	TestedOligo	Global
oligo_012196	TestedOligo	NA
oligo_011904	TestedOligo	HepG2
oligo_011905	TestedOligo	NA
oligo_074484	TestedOligo	NA
oligo_074485	TestedOligo	NA
oligo_186021	TestedOligo	Global
oligo_186022	TestedOligo	NA
oligo_152111	TestedOligo	Global
oligo_152112	TestedOligo	NA
oligo_205983	TestedOligo	Global
oligo_205984	TestedOligo	NA
oligo_199839	TestedOligo	Global
oligo_199840:oligo_199843	TestedOligo	NA
oligo_018291	TestedOligo	NA
oligo_018292	TestedOligo	NA
oligo_211555	TestedOligo	NA
oligo_211556	TestedOligo	NA
oligo_126658	TestedOligo	NA
oligo_126659	TestedOligo	NA
oligo_180475	TestedOligo	Global
oligo_180476	TestedOligo	NA
oligo_208819	TestedOligo	NA
oligo_208820	TestedOligo	NA
oligo_102486	TestedOligo	NA
oligo_102487	TestedOligo	NA
oligo_211467	TestedOligo	NA
oligo_211468	TestedOligo	NA
oligo_132964	TestedOligo	NA
oligo_132965	TestedOligo	NA
oligo_053872	TestedOligo	HepG2
oligo_053873:oligo_053879	TestedOligo	NA
oligo_124817	TestedOligo	Global
oligo_124818	TestedOligo	NA
oligo_012518	TestedOligo	NA
oligo_012519	TestedOligo	NA
oligo_070061	TestedOligo	Global
oligo_070062:oligo_070064	TestedOligo	NA
oligo_091873	TestedOligo	Global
oligo_091875:oligo_242219	TestedOligo	NA
oligo_125000	TestedOligo	NA
oligo_125001	TestedOligo	NA
oligo_124569	TestedOligo	Global
oligo_124570	TestedOligo	NA
oligo_167053	TestedOligo	Global
oligo_167054	TestedOligo	NA
oligo_013198	TestedOligo	Global
oligo_013199	TestedOligo	NA
oligo_205989	TestedOligo	NA
oligo_205990	TestedOligo	NA
oligo_118323	TestedOligo	HepG2
oligo_118324:oligo_118329	TestedOligo	NA
oligo_121240	TestedOligo	Global
oligo_121241:oligo_121245	TestedOligo	NA
oligo_022690	TestedOligo	HepG2
oligo_022691	TestedOligo	NA
